Risk ID,Category,Risk Name,Severity,Likelihood,Root Cause & Empirical Data,Impact Description,Mitigation Strategy,Owner,Target Milestone,Status
RSK-MKT-01,Market & Adoption,Agency Defection Back to FormSG,High,Medium,Pilot agencies (MDDI ESG) left OTG because static forms could not capture role-specific questions. If 5-field flat builder feels too constrained agencies will revert to FormSG URLs.,Fragmented marketplace. Officers bounce outside CareerCompass; 90% drop-off persists.,Audit 10 recent FormSG gig forms across MDDI and PSD in Sprint 1 to verify 5 field types cover 90% of use cases. Secure executive posting mandate from PSD.,Michelle Yip (PM),Sprint 1 Grooming,Open
RSK-MKT-02,Market & Adoption,Zero-Applicant Postings (46% Empty Gig Rate),High,High,46% of gig postings draw 0 or 1 applicant despite near 1:1 total supply and demand. 69% of gigs post in Q2. Specialized roles sit invisible while officers flock to low-friction STIPs.,High poster churn. Frustrated hiring managers abandon the platform after getting zero applicants.,Enforce in-catalog sub-tabs inside Jobs and Opportunities (Projects & Rotations vs. Short-Term Immersions). Auto-tag unviewed gigs with Needs Talent after 7 days and push to targeted job family feeds.,Michelle Yip / Li Ting Kway (Design),Sprint 2 UI,Open
RSK-MKT-03,Market & Adoption,Untracked Hiring Outcomes & Candidate Silence,High,High,89% of rotation outcomes go unrecorded because decisions occur offline in chats emails or spreadsheets.,Candidate limbo continues. Talented officers face weeks of silence fueling 90% candidate churn.,Introduce automated status reminder nudges to HR POCs at day 14 and day 28. Provide a 1-click bulk Send Polite Closure action to make closing postings painless.,Michelle Yip (PM),Sprint 4,Open
RSK-MKT-04,Market & Adoption,Pilot Kill Criteria Trigger (< 30% Adoption),Critical,Low,Agencies continue posting on internal intranets or legacy EDM blasts out of muscle memory.,Project halts at day 60 per Section 4 kill criteria.,Require the 6 pilot agency HR leads to commit to an exclusive CareerCompass posting agreement for pilot cohorts prior to Sprint 1 kickoff.,Michelle Yip / PSD Sponsors,Pre-Sprint 1,Open
RSK-TEM-01,Team & Execution,Form Builder Scope Creep,High,Medium,Custom form builders are notorious time sinks. Drag-and-drop ordering complex validation and dynamic UI can consume 3 full sprints.,Delivery slips past Sprint 2. Core candidate roster and status tracking get squeezed out.,Hard-cap R1 form builder scope to 5 flat unbranched field types: Short text Long text Dropdown Checkbox Attachment. Ban conditional logic from v1.,Tan Pow Hwee (Tech Lead),Sprint 1 Architecture,Open
RSK-TEM-02,Team & Execution,The Hiring Manager Blindspot,High,High,Discovery engaged HR POCs and DevOps admins but zero direct line managers. Assumes line managers will log in to screen candidates.,Line managers refuse to log into admin portal and demand that HR email them downloaded CVs anyway.,Run 3 rapid hallway usability tests with line managers from MDDI and ESG in Sprint 1 on a simplified read-only candidate dossier view accessed via authenticated magic link.,Li Ting Kway (Design) / Michelle Yip,Sprint 1 Design Jam,Open
RSK-TEM-03,Team & Execution,Trio Bandwidth & Dependency Bottlenecks,Medium,Medium,Product Design and Engineering must align across four opportunity models (Project Gigs Immersions Rotations Jobs) in 5 sprints.,Design backlog stalls engineering; edge cases get discovered mid-sprint.,Run weekly trio sprint check-ins. Keep UI components shared across the opportunity models with unified layouts.,Product Trio (Michelle / Li Ting / Tan Pow Hwee),Weekly Cadence,Monitoring
RSK-TEC-01,User Experience & Delivery,Candidate Folder Download Delays,High,High,Packaging 80+ candidate resumes into a single folder during peak panel reviews could cause slow browser downloads or frozen tabs.,Reviewers face delays and frustration during critical interview preparation.,Prepare the download bundle smoothly in the background and deliver an instant download link keeping the screen fast and responsive.,Tan Pow Hwee (Tech Lead),Sprint 2 Backend,Open
RSK-TEC-02,User Experience & Governance,Candidate Data Privacy and Retention Standards,High,High,Resumes contain personal career history and contact details. Keeping resumes indefinitely creates privacy and trust concerns.,Civil service data governance audit failure and loss of candidate trust.,Encrypt resumes securely and automatically archive files 90 days after hiring concludes ensuring candidate privacy and compliance with government standards.,GovTech Security / Operations,Sprint 2 Security,Open
RSK-TEC-03,User Experience & Governance,Unverified Grade Integrity and Spam Submissions,Medium,Medium,The friendly advisory warning against serial applications (H-APP-1) depends on matching job grade. If grade is manually entered candidates can alter it to bypass alerts.,Serial applicants continue submitting to mismatched roles (e.g. 1 candidate filing 112 applications) overwhelming review panels.,Pre-fill candidate grade directly from verified login identity with a clear limit of 5 active open applications per officer at any one time.,Tan Pow Hwee / Michelle Yip,Sprint 3 Delivery,Open
RSK-TEC-04,User Experience & Operations,File Upload Safety Checks and Processing Speed,Medium,Medium,Direct resume uploads require safety checks to protect against corrupted or unsafe files.,Files get delayed in review; review panels cannot view candidate resumes promptly.,Automated safety checks run quietly upon upload with clear status badges (Uploading, Safety Check, Ready). Reviewers can see candidate profile details immediately while file safety is confirmed.,Backend Eng,Sprint 2 Delivery,Open
RSK-MKT-05,Market & Adoption,Dual-Posting & Split-Console Overhead,High,Medium,Pilot agency HR posts across both legacy channels and CareerCompass resulting in duplicate candidate submissions across forms and Compass.,Administrative confusion and duplicate candidate reviews. Candidates receive conflicting status updates across systems.,Filter out pilot agency postings from legacy sync. Agree on clean cohort-based cutover where pilot programs post exclusively on Compass with zero retrospective migration.,Michelle Yip (PM) / Adrian Ang (Product Lead),Sprint 1 Operations,Open
